Date,SPX,RTY,M1EA,EM,XAU,SPGSCI,LF98TRUU,LBUSTRUU,FNERTR
1988-01-29,257.47,398.84,1217.73,109.42,458,166.63,180.76,332.76,846.49
1988-02-29,269.47,434.79,1298.94,109.68,426.15,163.79,186.61,336.71,878.86
1988-03-31,261.15,455.12,1378.76,120.64,456.95,171.2,184.67,333.55,883.23
1988-04-29,264.04,465.47,1398.77,126.27,449,175.01,186.08,331.75,889.37
1988-05-31,266.32,452.96,1353.95,129.62,455.5,177.99,186.36,329.52,876.25
1988-06-30,278.54,485.26,1318.27,133.71,436.55,171.27,189.08,337.47,906.69
1988-07-29,277.49,480.65,1359.63,129.92,436.8,169.45,190.32,335.7,916.38
1988-08-31,268.07,468.4,1271.23,125.92,427.75,167.56,190.04,336.58,912.1
1988-09-30,279.49,480.82,1326.76,133.74,397.7,162.18,192.43,344.2,917.24
1988-10-31,287.27,475.49,1440.3,132.54,412.4,166.99,194.76,350.68,913.22
1988-11-30,283.18,459.73,1526.09,131.76,422.6,174.01,195.91,346.42,894.73
1988-12-30,288.12,477.78,1534.57,134.87,410.25,184.41,196.83,346.81,910.73
1989-01-31,309.21,499.12,1561.6,132.66,394,181.64,200.3,351.8,930.92
1989-02-28,301.51,502.76,1569.63,142.52,387,186.39,200.74,349.25,928.15
1989-03-31,308.54,514.62,1538.82,155.99,383.2,197.62,199.17,350.76,932.46
1989-04-28,324.56,537.08,1553.09,184.24,377.55,197.61,200.01,358.1,958.81
1989-05-31,337.69,560.21,1468.57,186.08,361.8,188.54,203.89,367.51,967.76
1989-06-30,335.78,547.4,1443.88,163.28,373,189.27,206.42,378.7,986.52
1989-07-31,366.1,568.55,1625.19,173.49,368.3,179.55,206.15,386.75,1022.98
1989-08-31,373.25,582.41,1552.1,177,359.8,183.95,206.85,381.02,1032.42
1989-09-29,371.74,584.26,1622.77,198.98,366.5,193.22,203.37,382.97,1022.76
1989-10-31,363.11,549.68,1557.56,201.31,375.3,189.81,198.55,392.4,996.38
1989-11-30,370.51,553.37,1635.85,191.64,408.15,192.05,198.16,396.14,993.25
1989-12-29,379.41,555.48,1696.26,214.7,401.25,207.25,198.47,397.2,991.26
1990-01-31,353.94,506.95,1633.15,221.27,415.05,198.83,194.21,392.48,950.14
1990-02-28,358.5,522.69,1519.16,229.76,407.7,195.94,190.2,393.75,943.47
1990-03-30,368,543.02,1360.86,197.85,368.5,198.61,195.19,394.04,952.88
1990-04-30,358.81,525.29,1350.06,210.66,367.75,193.94,194.86,390.43,936.32
1990-05-31,393.8,562.47,1504.15,227.6,363.05,189.81,198.62,401.99,935.6
1990-06-29,391.14,563.61,1490.88,235.14,352.2,184.18,203.42,408.44,951.76
1990-07-31,389.89,538.82,1511.88,255.21,372.3,196.8,208.9,414.09,943.09
1990-08-31,354.65,467.06,1365.08,221.94,387.75,225.45,197.01,408.56,875.17
1990-09-28,337.39,425.73,1174.84,193.09,408.4,270.19,182.63,411.94,813.28
1990-10-31,335.95,399.74,1357.87,189.25,379.5,249.37,173.04,417.17,785.86
1990-11-30,357.67,430.22,1277.75,178.96,384.85,227.61,178.44,426.15,841.63
1990-12-31,367.63,447.29,1298.54,185.16,382.8,219.97,179.44,432.79,839.09
1991-01-31,383.64,487.74,1340.5,200.19,366,194.448,184.37,438.14,930.88
1991-02-28,411.08,542.13,1484.18,229.63,362.7,191.234,204.54,441.88,947.73
1991-03-29,421.03,580.29,1395.06,238.23,355.65,194.126,216.59,444.92,1029.89
1991-04-30,422.03,578.83,1408.79,238.95,357.75,195.998,225.47,449.74,1055.97
1991-05-31,440.24,606.42,1423.53,256.97,360.4,192.89,225.88,452.37,1067.71
1991-06-28,420.07,571.08,1318.94,247.27,368.35,185.447,232.56,452.14,1037.91
1991-07-31,439.65,591.12,1383.73,259.51,362.85,191.888,240,458.41,1058.85
1991-08-30,450.06,613,1355.59,264.27,347.4,192.642,245.52,468.33,1054.57
1991-09-30,442.53,617.8,1432.01,253.84,354.9,193.928,248.94,477.82,1080.39
1991-10-31,448.48,634.14,1452.29,263.96,357.45,198.551,257.25,483.14,1068.52
1991-11-29,430.41,604.81,1384.48,259.77,366.3,190.104,258.59,487.57,1062.58
1991-12-31,479.63,653.24,1456.01,288.8,353.15,176.918,262.31,502.05,1138.61
1992-01-31,470.7,706.17,1424.93,322.13,354.1,182.353,271.55,495.22,1194.06
1992-02-28,476.79,726.77,1373.93,335.97,353.75,181.778,278.25,498.44,1165.5
1992-03-31,467.52,702.17,1283.22,346.58,341.7,184.737,281.7,495.63,1146.15
1992-04-30,481.25,677.57,1289.26,342.45,336.35,190.12,282.77,499.21,1142.08
1992-05-29,483.6,686.58,1375.55,340.42,337.5,193.019,286.76,508.63,1191.99
1992-06-30,476.41,654.11,1310.35,305.52,343.4,190.887,289.46,515.63,1176.38
1992-07-31,495.87,676.87,1276.82,308.38,357.85,186.692,293.83,526.15,1227.49
1992-08-31,485.72,657.77,1356.9,293.44,342,186.4,297.68,531.48,1231.27
1992-09-30,491.43,672.94,1330.1,294.07,350,187.047,300.71,537.79,1256.65
1992-10-30,493.13,694.33,1260.33,309.63,341,182.408,296.47,530.65,1255.04
1992-11-30,509.92,747.46,1272.19,306.06,336,180.096,300.2,530.77,1281.6
1992-12-31,516.18,773.5,1278.77,314.93,334.5,181.006,303.63,539.21,1304.73
1993-01-29,520.49,799.68,1278.62,316.19,332.5,183.348,312.46,549.55,1388.46
1993-02-26,527.59,781.21,1317.24,321.23,329.5,186.501,317.97,559.17,1463.11
1993-03-31,538.72,806.56,1432.06,331.3,339,190.171,322.06,561.5,1587.08
1993-04-30,525.7,784.42,1567.96,337.12,356,187.666,324.87,565.41,1517.18
1993-05-31,539.76,819.13,1601.08,345.39,374.75,181.216,328.73,566.13,1493.13
1993-06-30,541.34,824.24,1576.1,354.82,378.1,175.97,335.63,576.39,1541.53
1993-07-30,539.16,835.62,1631.27,363.23,407.3,174.056,338.87,579.65,1568.45
1993-08-31,559.62,871.72,1719.33,393.46,372.1,175.841,341.73,589.81,1607.18
1993-09-30,555.33,896.32,1680.63,407.47,355.4,177.357,342.61,591.43,1685.64
1993-10-29,566.82,919.39,1732.42,443.78,369.5,171.416,349.55,593.64,1653.5
1993-11-30,561.41,889.13,1580.99,463.17,370.7,165.065,351.23,588.59,1563.82
1993-12-31,568.2,919.53,1695.15,539.34,390.7,163.554,355.6,591.78,1561.17
1994-01-31,587.52,948.36,1838.47,548.88,381.9,177.352,363.32,599.77,1606.61
1994-02-28,571.57,944.93,1833.38,538.78,381.75,171.232,362.36,589.35,1676.38
1994-03-31,546.65,895.04,1754.41,489.21,391,170.386,348.68,574.82,1614.31
1994-04-29,553.66,900.36,1828.85,478.36,377.05,174.556,346.29,570.23,1641.72
1994-05-31,562.75,890.25,1818.35,493.66,387.3,176.76,346.47,570.15,1678.26
1994-06-30,548.96,860.02,1844.04,479.18,386.3,180.083,347.54,568.89,1644.03
1994-07-29,566.98,874.15,1861.78,508.73,383.6,182.521,350.49,580.19,1635.99
1994-08-31,590.23,922.86,1905.86,571.3,386.6,170.263,352.97,580.91,1640.88
1994-09-30,575.79,919.77,1845.83,577.29,394.25,171.416,352.99,572.36,1610.41
1994-10-31,588.73,916.14,1907.3,566.11,384.5,179.036,353.83,571.85,1554.55
1994-11-30,567.29,879.14,1815.63,536,381.4,175.166,349.37,570.58,1501.09
1994-12-30,575.7,902.76,1827,492.58,383.2,180.758,351.94,574.52,1610.67
1995-01-31,590.64,891.37,1756.82,439.84,375.1,176.004,356.71,585.89,1575.5
1995-02-28,613.65,928.45,1751.77,428.11,377.1,177.108,368.94,599.82,1614.41
1995-03-31,631.76,944.44,1861.03,429.8,391.4,179.06,372.91,603.5,1607.94
1995-04-28,650.36,965.44,1931.02,448.29,387.1,183.635,382.4,611.93,1607.53
1995-05-31,676.36,982.04,1908,470.95,384.3,180.807,393.12,635.61,1675.84
1995-06-30,692.07,1032.984,1874.55,471.38,384.6,174.489,395.62,640.27,1702.51
1995-07-31,715.02,1092.486,1991.25,481.28,382.6,177.337,400.62,638.84,1731.85
1995-08-31,716.82,1115.086,1915.29,469.28,382.75,180.531,401.87,646.55,1752.64
1995-09-29,747.07,1135,1952.69,466.41,384,181.082,406.81,652.84,1782.69
1995-10-31,744.4,1084.24,1900.21,448.11,383,183.116,409.32,661.33,1744.5
1995-11-30,777.07,1129.794,1953.08,439.69,387.8,187.927,412.93,671.24,1760.44
1995-12-29,792.04,1159.603,2031.77,458.37,387.1,203.497,419.42,680.66,1856.57
1996-01-31,819,1158.356,2040.11,490.52,406.3,196.814,426.8,685.18,1887.12
1996-02-29,826.59,1194.461,2047,481.92,400.75,197.696,427.14,673.27,1909.21
1996-03-29,834.55,1218.774,2090.47,484.8,395.45,206.664,426.85,668.59,1898.79
1996-04-30,846.85,1283.944,2151.25,502.46,391.65,209.327,427.79,664.83,1908.42
1996-05-31,868.69,1334.541,2111.66,498.99,391,203.871,430.36,663.48,1957.73
1996-06-28,872.01,1279.74,2123.55,501.04,380.45,206.522,433.92,672.39,1983.25
1996-07-31,833.48,1167.963,2061.48,465.87,387.05,194.652,435.94,674.23,1998.22
1996-08-30,851.06,1235.775,2066,477.13,386.5,198.515,440.65,673.1,2076.88
1996-09-30,898.97,1284.068,2120.88,480.62,378.4,205.216,451.27,684.83,2113.03
1996-10-31,923.76,1264.278,2099.18,467.43,378.05,204.921,454.74,700,2175.75
1996-11-29,993.58,1316.372,2182.71,474.71,371.65,218.982,463.71,711.99,2274.89
1996-12-31,973.9,1350.871,2154.63,476.31,367.7,215.256,467.03,705.37,2511.32
1997-01-31,1034.74,1377.868,2079.22,508.42,344.35,204.91,471.59,707.53,2539.38
1997-02-28,1042.85,1344.459,2113.23,529.86,363.45,188.819,479.39,709.29,2534.19
1997-03-31,1000,1281.019,2120.88,514.61,351.25,192.429,472.25,701.43,2528.8
1997-04-30,1059.7,1284.59,2132.13,513.7,339.5,196.768,477.23,711.93,2459.21
1997-05-30,1124.22,1427.5,2270.88,527.01,344.65,197.369,487.44,718.66,2531.51
1997-06-30,1174.59,1488.676,2396.11,554.12,333.95,185.169,494.2,727.19,2654.55
1997-07-31,1268.05,1557.948,2434.88,561.32,324.55,192.287,507.77,746.8,2736.55
1997-08-29,1197.01,1593.595,2253.03,489.24,324.15,195.768,506.62,740.43,2730
1997-09-30,1262.56,1710.237,2379.24,502.05,334.45,201.733,516.66,751.35,2968.26
1997-10-31,1220.4,1635.109,2196.36,419.26,311.45,208.153,517.12,762.25,2888.03
1997-11-28,1276.89,1624.533,2173.97,403.67,297,188.689,522.06,765.76,2950.45
1997-12-31,1298.82,1652.967,2192.93,412.46,289.05,175.623,526.64,773.47,3020.11
1998-01-30,1313.19,1626.88,2293.23,379.8,302.45,174.264,536.12,783.4,3004.15
1998-02-27,1407.9,1747.177,2440.37,419.23,299.15,165.098,539.26,782.81,2953.03
1998-03-31,1480,1819.235,2515.51,436.02,300.95,166.715,544.32,785.5,3006.02
1998-04-30,1494.89,1829.301,2535.43,430.41,306.65,163.896,546.47,789.6,2908.1
1998-05-29,1469.19,1730.781,2523.12,370.1,292.95,158.269,548.37,797.09,2887.73
1998-06-30,1528.87,1734.422,2542.22,330.52,296.95,155.199,550.34,803.85,2868.18
1998-07-31,1512.59,1594.014,2567.99,339.83,286.45,143.602,553.47,805.56,2681.98
1998-08-31,1293.9,1284.489,2249.85,240.31,275.55,136.96,522.93,818.67,2428.88
1998-09-30,1376.79,1385.01,2180.87,254.87,296.95,153.766,525.29,837.84,2566.38
1998-10-30,1488.78,1441.495,2408.21,281.4,292.55,148.485,514.53,833.42,2518.87
1998-11-30,1579.02,1517.019,2531.58,304.53,293.2,133.481,535.88,838.14,2555.96
1998-12-31,1670.01,1610.895,2631.45,298.97,288.25,133.019,536.47,840.66,2491.53
1999-01-29,1739.84,1632.302,2623.68,294.463,286.15,135.269,544.43,846.66,2439.47
1999-02-26,1685.77,1500.094,2561.15,297.3,287.05,130.811,541.23,831.88,2382.18
1999-03-31,1753.21,1523.513,2668.06,336.585,280.05,153.935,546.39,836.49,2371.43
1999-04-30,1821.11,1660.031,2776.17,378.204,286.55,160.977,556.98,839.14,2596.46
1999-05-31,1778.1,1684.279,2633.2,376.014,270.35,152.22,549.44,831.79,2653.5
1999-06-30,1876.78,1760.442,2735.86,418.59,262.5,163.362,548.27,829.14,2610.53
1999-07-30,1818.18,1712.136,2817.18,406.946,255.95,169.172,550.47,825.61,2527.46
1999-08-31,1809.19,1648.772,2827.47,410.782,255.68,181.625,544.39,825.19,2495.34
1999-09-30,1759.59,1649.132,2855.93,396.741,298.75,191.063,540.47,834.77,2400.6
1999-10-29,1870.94,1655.811,2962.9,405.125,299.2,181.39,536.88,837.85,2341.56
1999-11-30,1908.97,1754.679,3065.84,441.476,290.7,189.662,543.19,837.79,2303.47
1999-12-31,2021.4,1953.308,3341,497.759,288,194.537,549.3,833.75,2376.42
2000-01-31,1919.84,1921.941,3128.72,500.53,283.5,206.365,546.93,831.02,2384.25
2000-02-29,1883.5,2239.322,3212.95,507.299,292.2,216.009,547.99,841.07,2355.84
2000-03-31,2067.76,2091.682,3337.49,510.043,279.08,206.881,536.47,852.15,2433.3
2000-04-28,2005.55,1965.815,3161.86,461.742,273.55,203.208,537.33,849.71,2596.8
2000-05-31,1964.4,1851.244,3084.64,442.354,272.1,223.203,531.82,849.32,2622.34
2000-06-30,2012.83,2012.619,3205.27,457.2,289.53,235.714,542.65,866.99,2689.61
2000-07-31,1981.36,1947.867,3070.89,433.543,277.25,213.327,546.79,874.86,2924.69
2000-08-31,2104.43,2096.49,3097.55,435.382,277.85,244.399,550.53,887.54,2805.99
2000-09-29,1993.33,2034.874,2946.72,397.316,274.25,237.483,545.72,893.12,2895.27
2000-10-31,1984.9,1944.037,2877.12,368.477,265.15,236.714,528.24,899.03,2769.93
2000-11-30,1828.42,1744.479,2769.22,336.216,270.45,256.384,507.32,913.73,2805.5
2000-12-29,1837.36,1894.299,2867.65,344.301,272.25,246.924,517.12,930.68,3002.97
2001-01-31,1902.55,1992.922,2866.17,391.669,265.85,226.974,555.86,945.9,3034.31
2001-02-28,1729.07,1862.158,2651.3,360.968,267.15,221.987,563.26,954.14,2985.85
2001-03-30,1619.54,1771.069,2474.56,325.354,257.95,212.738,550,958.93,3014.83
2001-04-30,1745.39,1909.619,2646.53,341.391,264.05,224.231,543.15,954.95,3086.75
2001-05-31,1757.09,1956.557,2553.12,345.344,265.85,217.624,552.93,960.71,3161.48
2001-06-29,1714.32,2024.116,2448.71,338.134,270.85,202.664,537.42,964.34,3346.78
2001-07-31,1697.44,1914.552,2404.16,316.615,266.65,201.72,545.33,985.9,3280.3
2001-08-31,1591.18,1852.715,2343.23,313.441,274.4,203.003,551.76,997.19,3400.25
2001-09-28,1462.69,1603.316,2105.89,264.884,293.25,181.718,514.68,1008.81,3259.05
2001-10-31,1490.58,1697.143,2159.83,281.311,279.65,175.381,527.41,1029.92,3165.8
2001-11-30,1604.92,1828.53,2239.45,310.659,274.4,169.575,546.65,1015.72,3340.02
2001-12-31,1618.98,1941.393,2252.75,335.297,278.95,169.157,544.42,1009.27,3421.37
2002-01-31,1595.35,1921.2,2133.05,346.611,282.55,166.026,548.21,1017.44,3428.08
2002-02-28,1564.59,1868.547,2148.01,352.23,296.55,176.531,540.56,1027.3,3494.18
2002-03-29,1623.43,2018.726,2264.2,373.308,302.65,201.228,553.57,1010.21,3703.79
2002-04-30,1525,2037.123,2279.21,375.701,308.45,204.233,562.2,1029.8,3735.37
2002-05-31,1513.77,1946.712,2308.09,369.624,326.55,194.288,559.3,1038.55,3785.94
2002-06-28,1405.94,1850.121,2216.21,341.794,314.45,202.776,518.06,1047.53,3889.42
2002-07-31,1296.34,1570.696,1997.43,315.665,303.55,203.405,495.43,1060.17,3685.98
2002-08-30,1304.86,1566.696,1992.89,320.489,312.75,215.23,509.56,1078.07,3678.77
2002-09-30,1163.04,1454.186,1778.87,285.9,323.55,227.526,502.87,1095.53,3537.59
2002-10-31,1265.41,1500.81,1874.48,304.475,317.75,217.423,498.48,1090.54,3367.35
2002-11-29,1339.89,1634.748,1959.55,325.43,318.15,217.508,529.36,1090.25,3525.92
2002-12-31,1261.18,1543.726,1893.66,314.605,348.05,235.154,536.76,1112.77,3552.1
2003-01-31,1228.14,1501,1814.61,313.217,368.15,253.451,554.63,1113.72,3448.83
2003-02-28,1209.71,1455.647,1772.96,304.417,349.95,278.572,561.47,1129.13,3505.89
2003-03-31,1221.46,1474.391,1738.13,295.723,337.45,232.279,577.62,1128.26,3576.08
2003-04-30,1322.07,1614.189,1908.48,322.021,338.55,215.638,611.89,1137.57,3733.31
2003-05-30,1391.72,1787.412,2024.12,345.044,364.45,235.242,618.21,1158.78,3958.77
2003-06-30,1409.48,1819.758,2073.04,364.604,346.4,233.203,635.99,1156.48,4044.88
2003-07-31,1434.33,1933.621,2123.22,387.276,354.35,233.156,629,1117.6,4261.36
2003-08-29,1462.3,2022.275,2174.49,413.192,375.55,242.459,636.23,1125.02,4284.18
2003-09-30,1446.77,1984.947,2241.53,416.201,385.35,232.634,653.62,1154.8,4429.85
2003-10-31,1528.62,2151.636,2381.24,451.612,384.25,238.489,666.82,1144.03,4509.88
2003-11-28,1542.07,2227.994,2434.18,457.107,398.15,245.803,676.93,1146.77,4706.49
2003-12-31,1622.94,2273.195,2624.35,490.205,415.45,260.543,692.26,1158.44,4871.12
2004-01-30,1652.73,2371.956,2661.46,507.324,402.45,260.088,705.47,1167.76,5081.85
2004-02-27,1675.7,2393.219,2722.89,530.588,396.15,278.656,703.7,1180.4,5170.71
2004-03-31,1650.42,2415.523,2738.21,537.219,426.45,282.123,708.48,1189.24,5456.47
2004-04-30,1624.51,2292.369,2676.27,493.231,386.75,289.512,703.66,1158.3,4660.84
2004-05-31,1646.8,2328.855,2685.27,483.391,395.55,301.413,691.74,1153.66,4993.06
2004-06-30,1678.83,2426.931,2744.11,485.45,394.25,286.355,701.66,1160.18,5139.48
2004-07-30,1623.26,2263.518,2655.05,476.564,391.05,307.478,711.2,1171.68,5156.41
2004-08-31,1629.83,2251.885,2666.78,496.327,409.85,295.595,725.15,1194.03,5565.66
2004-09-30,1647.48,2357.601,2736.47,524.962,418.25,337.733,735.68,1197.27,5562.34
2004-10-29,1672.65,2404.008,2829.79,537.505,428.55,355.249,748.97,1207.31,5860.44
2004-11-30,1740.33,2612.528,3023.1,587.263,450.95,342.502,758,1197.68,6112.63
2004-12-31,1799.55,2689.858,3155.7,615.468,438.45,310.467,769.3,1208.7,6409.3
2005-01-31,1755.68,2577.628,3097.8,617.031,422.6,331.483,768.3,1216.29,5871.11
2005-02-28,1792.63,2621.289,3231.66,670.866,435.65,355.853,779.6,1209.11,6051.17
2005-03-31,1760.89,2546.25,3150.47,626.531,428.35,383.622,756.93,1202.9,5957.39
2005-04-29,1727.49,2400.429,3076.4,609.712,434.4,353.685,749.55,1219.18,6274.28
2005-05-31,1782.46,2557.54,3077.89,630.934,417.25,354.888,762.86,1232.37,6491.75
2005-06-30,1784.99,2656.186,3118.73,652.37,435.5,379.788,777.83,1239.09,6818.11
2005-07-29,1851.37,2824.47,3214.34,697.97,429.8,401.999,791.43,1227.82,7304.67
2005-08-31,1834.48,2772.103,3295.55,703.947,435.2,465.151,792.94,1243.55,7037.59
2005-09-30,1849.33,2780.798,3442.34,769.495,469.3,469.56,785.03,1230.74,7079.51
2005-10-31,1818.5,2694.456,3341.81,719.199,465.19,422.876,779.55,1221,6912.01
2005-11-30,1887.28,2825.261,3423.53,778.694,493.08,415.909,783.62,1226.4,7203.25
2005-12-30,1887.94,2812.349,3582.84,824.72,517,431.721,790.35,1238.06,7188.84
2006-01-31,1937.93,3064.538,3802.83,916.838,568.9,453.918,802.96,1238.13,7714.01
2006-02-28,1943.19,3056.101,3794.41,915.75,561.55,415.863,808.32,1242.24,7852.02
2006-03-31,1967.38,3204.374,3919.47,923.817,583.65,442.519,813.16,1230.05,8248.59
2006-04-28,1993.79,3203.852,4106.66,989.606,654.43,474.786,818.17,1227.82,7942.04
2006-05-31,1936.41,3023.923,3947.18,885.906,645.2,474.555,818.06,1226.51,7715.96
2006-06-30,1939.03,3043.365,3946.92,883.741,615.85,484.675,815.19,1229.11,8117.39
2006-07-31,1950.99,2944.338,3985.99,896.215,636.75,498.248,823.17,1245.73,8391.19
2006-08-31,1997.42,3031.512,4095.59,919.045,627.3,465.868,836.52,1264.8,8708.79
2006-09-29,2048.89,3056.751,4101.92,926.699,598.3,428.053,848.38,1275.91,8869.74
2006-10-31,2115.65,3232.751,4261.46,970.714,606.6,429.224,859.92,1284.35,9425.35
2006-11-30,2155.89,3317.789,4388.81,1042.859,648,463.655,874.37,1299.25,9863.5
2006-12-29,2186.13,3328.899,4526.58,1089.818,636.7,433.647,883.97,1291.71,9709.31
2007-01-31,2219.19,3384.606,4557.21,1078.312,653.2,427.218,893.84,1291.18,10526.96
2007-02-28,2175.78,3357.749,4593.99,1071.911,669.35,448.491,906.34,1311.09,10291.24
2007-03-30,2200.12,3393.695,4711.09,1114.439,663.8,468.115,907.3,1311.13,10045.6
2007-04-30,2297.57,3454.654,4920.42,1167.313,678.45,474.464,919.09,1318.2,10043.61
2007-05-31,2377.75,3596.141,5006.65,1223.975,660.5,470.648,925.96,1308.21,10048.86
2007-06-29,2338.25,3543.534,5012.76,1281.353,649.65,489.152,909.33,1304.34,9137.56
2007-07-31,2265.75,3301.175,4938.94,1348.959,664.3,515.941,877.13,1315.22,8424.63
2007-08-31,2299.71,3375.999,4861.75,1320.293,673.3,495.304,889.09,1331.34,8978.24
2007-09-28,2385.72,3433.947,5121.86,1466.108,743.6,546.133,912.36,1341.44,9373.8
2007-10-31,2423.67,3532.469,5323.1,1629.609,796.8,599.31,917.83,1353.49,9478.84
2007-11-30,2322.34,3278.817,5148.06,1514.059,783.55,577.987,897.92,1377.83,8619.15
2007-12-31,2306.23,3276.771,5032.19,1519.399,833.7,610.169,900.54,1381.7,8185.75
2008-01-31,2167.9,3053.314,4567.32,1329.785,926.1,608.378,888.52,1404.91,8101.79
2008-02-29,2097.48,2940.137,4632.76,1427.942,973.9,679.778,876.4,1406.86,7813.51
2008-03-31,2088.42,2952.453,4584.01,1352.375,916.9,668.913,873.38,1411.66,8300.4
2008-04-30,2190.13,3076.074,4832.82,1462.124,877.55,721.067,911.02,1408.71,8786.74
2008-05-30,2218.5,3217.379,4879.89,1489.252,886.5,786.583,914.31,1398.38,8854.47
2008-06-30,2031.47,2969.68,4480.77,1340.693,925.4,862.809,888.75,1397.25,7891.5
2008-07-31,2014.39,3079.577,4336.96,1290.122,914.1,760.199,876.91,1396.11,8165.42
2008-08-29,2043.53,3190.885,4161.21,1187.073,831.15,708.156,879.98,1409.36,8345.81
2008-09-30,1861.44,2936.634,3559.54,979.332,870.95,622.237,809.78,1390.43,8329.68
2008-10-31,1548.81,2325.728,2841.29,711.311,723.85,449.461,680.97,1357.61,5691.82
2008-11-28,1437.68,2050.625,2687.71,657.766,818.05,390.646,617.55,1401.8,4379.55
2008-12-31,1452.98,2169.645,2849.3,709.066,882.05,349.038,665,1454.1,5097.46
2009-01-30,1330.51,1928.334,2569.69,663.274,927.85,336.205,704.86,1441.27,4215.2
2009-02-27,1188.84,1693.996,2306.06,625.859,942.32,336.24,682.99,1435.83,3337.41
2009-03-31,1292.98,1845.214,2452.21,715.801,919.35,358.526,704.77,1455.79,3472.97
2009-04-30,1416.73,2130.452,2766.19,834.915,888.2,365.848,790.08,1462.75,4550.27
2009-05-29,1495.97,2194.683,3093.45,977.576,979.18,443.053,843.24,1473.36,4648.41
2009-06-30,1498.94,2226.918,3075.85,964.407,926.5,450.217,867.39,1481.74,4474.92
2009-07-31,1612.31,2441.394,3356.68,1072.851,954,457.407,920.18,1505.64,4943.57
2009-08-31,1670.52,2511.4,3539.15,1069.012,951.19,453.787,937.34,1521.23,5605.49
2009-09-30,1732.86,2656.25,3674.65,1166.046,1007.7,462.748,990.72,1537.21,5963.97
2009-10-30,1700.67,2475.904,3628.74,1167.489,1045.45,496.808,1008.5,1544.8,5695.33
2009-11-30,1802.68,2553.623,3701.39,1217.636,1179.63,512.574,1018.66,1564.8,6088.91
2009-12-31,1837.5,2759.175,3754.7,1265.725,1096.98,524.621,1052.08,1540.34,6524.25
2010-01-29,1771.4,2657.606,3589.28,1195.133,1081.2,486.145,1065.39,1563.87,6184.3
2010-02-26,1826.27,2777.32,3564.67,1199.337,1117.59,517.484,1067.25,1569.71,6514.45
2010-03-31,1936.48,3003.362,3787.19,1296.164,1113.25,530.159,1100.71,1567.78,7177.91
2010-04-30,1967.05,3173.335,3718.66,1311.868,1179.03,549.941,1126.51,1584.1,7676.2
2010-05-31,1809.98,2932.627,3290.79,1196.479,1216.3,488.193,1086.03,1597.43,7250.53
2010-06-30,1715.23,2705.366,3257.97,1187.686,1242.38,495.177,1099.55,1622.48,6886.77
2010-07-30,1835.4,2891.277,3566.92,1286.589,1181,524.809,1138.65,1639.79,7542.56
2010-08-31,1752.55,2677.213,3456.17,1261.604,1247.4,499.162,1139.06,1660.89,7437.87
2010-09-30,1908.95,3010.783,3794.83,1401.803,1308.54,546.064,1173.38,1662.66,7770.14
2010-10-29,1981.59,3133.989,3931.93,1442.506,1359.4,564.16,1203.68,1668.58,8135.44
2010-11-30,1981.84,3242.656,3742.63,1404.426,1386.23,575.84,1189.62,1658.99,7976.14
2010-12-31,2114.29,3500.148,4045.69,1504.645,1421.4,631.83,1211.19,1641.1,8347.58
2011-01-31,2164.4,3491.129,4141.16,1463.825,1332.68,655.26,1237.91,1643.01,8691.91
2011-02-28,2238.55,3682.588,4277.7,1450.174,1411.33,690.85,1254.13,1647.12,9090.25
2011-03-31,2239.44,3778.026,4181.83,1535.436,1432.2,725.62,1258.19,1648.03,8973.82
2011-04-29,2305.76,3877.788,4431.79,1583.063,1563.7,758.79,1277.69,1668.95,9432.7
2011-05-31,2279.66,3805.085,4300.85,1541.541,1535.73,707.26,1283.92,1690.73,9526.95
2011-06-30,2241.66,3717.355,4247,1517.829,1500.18,668.85,1271.42,1685.78,9234.38
2011-07-29,2196.08,3582.991,4179.47,1511.087,1627.05,686.08,1286.16,1712.53,9331.56
2011-08-31,2076.78,3271.262,3802.1,1376.049,1825.55,674.69,1234.68,1737.55,8809.33
2011-09-30,1930.79,2904.547,3439.81,1175.429,1623.79,591,1194.32,1750.19,7842.64
2011-10-31,2141.81,3344.174,3771.48,1331.121,1714.7,647.96,1265.89,1752.07,8962.35
2011-11-30,2137.08,3331.984,3588.52,1242.409,1746.35,658.02,1238.6,1750.55,8625.48
2011-12-30,2158.94,3353.994,3554.5,1227.435,1564.91,644.91,1271.5,1769.79,9039.07
2012-01-31,2255.69,3590.957,3744.11,1366.657,1737.76,660.68,1310.1,1785.33,9613.8
2012-02-29,2353.23,3676.897,3958.94,1448.521,1696.76,703.5,1341.22,1784.92,9526.22
2012-03-30,2430.67,3771.107,3940.54,1400.171,1668.15,688.71,1339.35,1775.14,9987.37
2012-04-30,2415.42,3712.856,3863.41,1383.434,1664.75,684.88,1353.37,1794.82,10254.33
2012-05-31,2270.25,3467.103,3419.85,1228.289,1560.51,596.2,1335.7,1811.06,9802.04
2012-06-29,2363.79,3640.111,3659.62,1275.696,1597.45,599.44,1363.9,1811.77,10386.82
2012-07-31,2396.62,3589.808,3701.12,1300.582,1614.58,635.82,1389.85,1836.76,10612.21
2012-08-31,2450.6,3709.518,3800.52,1296.251,1691.85,675.03,1406.12,1837.96,10624.91
2012-09-28,2513.93,3831.332,3912.94,1374.469,1772.25,665.73,1425.69,1840.49,10493.88
2012-10-31,2467.51,3748.212,3945.51,1366.123,1720.65,637.74,1438.21,1844.11,10467.52
2012-11-30,2481.82,3768.127,4040.85,1383.469,1714.98,650.05,1449.72,1847.02,10439.07
2012-12-31,2504.44,3902.367,4170.03,1451.113,1675.35,646.58,1472.56,1844.39,10819.84
2013-01-31,2634.16,4146.627,4389.99,1471.121,1663.7,675.37,1492.3,1831.49,11215.56
2013-02-28,2669.92,4192.369,4348.35,1452.639,1579.61,648.21,1499.88,1840.67,11354.74
2013-03-29,2770.05,4385.947,4384.05,1427.618,1597.5,655.05,1515.15,1842.14,11696.24
2013-04-30,2823.42,4369.831,4612.49,1438.378,1476.71,624.44,1542.56,1860.78,12436.69
2013-05-31,2889.46,4544.485,4501.11,1401.476,1387.8,615.46,1533.62,1827.58,11702.91
2013-06-28,2850.66,4521.235,4341.19,1312.26,1234.53,611.3,1493.4,1799.31,11446.85
2013-07-31,2995.72,4837.647,4570.27,1325.971,1325.07,638.64,1521.71,1801.77,11541.72
2013-08-30,2908.96,4683.992,4509.82,1303.195,1395.27,657.05,1512.46,1792.56,10777.4
2013-09-30,3000.18,4982.848,4843.21,1387.941,1329.03,632.4,1527.48,1809.53,11147.52
2013-10-31,3138.09,5108.147,5006.06,1455.372,1323.06,622.52,1565.75,1824.16,11630.75
2013-11-29,3233.72,5312.8,5044.4,1434.091,1253.35,620.12,1573.7,1817.33,11064.85
2013-12-31,3315.59,5417.357,5119.88,1413.357,1201.64,632.29,1582.19,1807.06,11128.83
2014-01-31,3200.95,5267.404,4913.72,1321.581,1244.55,622.26,1593.29,1833.76,11497.42
2014-02-28,3347.38,5515.558,5186.89,1365.359,1326.39,649.644,1625.52,1843.51,12033.97
2014-03-31,3375.51,5477.963,5153.83,1407.27,1284.01,648.857,1629.36,1840.37,12076.48
2014-04-30,3400.46,5265.523,5228.33,1411.97,1291.6,652.511,1639.68,1855.9,12438.1
2014-05-30,3480.29,5307.715,5313.24,1461.257,1249.68,649.632,1654.76,1877.03,12800.55
2014-06-30,3552.18,5590.123,5364.47,1500.08,1327.33,658.572,1668.59,1878,12937.07
2014-07-31,3503.19,5251.758,5259.21,1529.087,1282.59,621.703,1646.34,1873.29,12941.18
2014-08-29,3643.34,5512.17,5251.12,1563.545,1287.32,610.917,1672.43,1893.97,13365
2014-09-30,3592.25,5178.714,5049.27,1447.653,1208.15,574.294,1637.42,1881.11,12615.85
2014-10-31,3679.99,5520.091,4975.95,1464.72,1172.94,539.592,1656.89,1899.6,13749.9
2014-11-28,3778.96,5525.039,5043.64,1449.23,1167.38,482.112,1644.82,1913.08,14071.2
2014-12-31,3769.44,5682.502,4868.92,1382.439,1184.37,418.123,1621,1914.87,14247.97
2015-01-30,3656.28,5499.719,4892.72,1390.727,1283.79,389.682,1631.71,1955.02,15126.47
2015-02-27,3866.42,5826.217,5185.21,1433.788,1213.18,421.242,1671.04,1936.64,14666.73
2015-03-31,3805.27,5927.717,5106.44,1413.399,1183.57,396.649,1661.89,1945.63,14815.12
2015-04-30,3841.78,5776.544,5314.93,1522.108,1184.37,445.585,1681.95,1938.65,14081.98
2015-05-29,3891.18,5908.423,5287.73,1461.153,1190.58,439.094,1687.05,1933.98,14050.82
2015-06-30,3815.85,5952.668,5137.91,1423.208,1172.35,440.693,1661.94,1912.89,13472.42
2015-07-31,3895.8,5883.487,5244.59,1324.552,1095.8,378.384,1652.26,1926.19,14144.31
2015-08-31,3660.75,5513.763,4858.78,1204.749,1134.93,380.848,1623.48,1923.42,13321.15
2015-09-30,3570.17,5243.241,4612.07,1168.508,1115.09,359.337,1581.23,1936.43,13605.29
2015-10-30,3871.33,5538.647,4972.59,1251.86,1142.11,363.444,1624.7,1936.76,14485.7
2015-11-30,3882.84,5718.812,4895.24,1203.028,1064.77,336.15,1588.59,1931.64,14461
2015-12-31,3821.6,5431.671,4829.28,1176.21,1061.1,311.652,1548.58,1925.4,14650.51
2016-01-29,3631.96,4954.04,4480.05,1099.906,1118.21,300.668,1523.69,1951.89,14134.87
2016-02-29,3627.06,4953.819,4397.98,1098.106,1238.67,303.63,1532.4,1965.74,14074.39
2016-03-31,3873.11,5349.191,4684.14,1243.414,1232.75,323.418,1600.51,1983.77,15505.92
2016-04-29,3888.13,5433.145,4819.75,1250.173,1293.53,360.407,1663.17,1991.39,15224.7
2016-05-31,3957.95,5555.525,4775.97,1203.537,1215.32,370.946,1673.44,1991.9,15576.94
2016-06-30,3968.21,5552.023,4615.65,1251.639,1321.9,374.032,1688.84,2027.69,16654.7
2016-07-29,4114.51,5883.516,4849.57,1314.626,1351.28,339.395,1734.5,2040.51,17302.42
2016-08-31,4120.29,5987.561,4853.02,1347.297,1308.97,348.208,1770.79,2038.18,16701.17
2016-09-30,4121.06,6054.252,4912.63,1364.622,1315.87,364.471,1782.59,2036.98,16453.83
2016-10-31,4045.89,5766.434,4812.15,1367.875,1277.21,361.623,1789.47,2021.4,15613.01
2016-11-30,4195.73,6409.461,4716.31,1304.91,1173.2,377.221,1780.98,1973.59,15234.82
2016-12-30,4278.66,6589.051,4877.58,1307.791,1147.5,398.204,1813.85,1976.37,15914.73
2017-01-31,4359.81,6615.041,5019.07,1379.358,1210.72,395.83,1840.19,1980.25,15941.14
2017-02-28,4532.93,6742.704,5090.84,1421.583,1248.44,402.22,1866.97,1993.56,16581.04
2017-03-31,4538.21,6751.527,5230.98,1457.469,1249.2,388.224,1862.81,1992.51,16320.1
2017-04-28,4584.82,6825.568,5364.08,1489.376,1268.28,382.766,1884.32,2007.89,16390.8
2017-05-31,4649.34,6686.708,5560.97,1533.408,1268.92,377.854,1900.7,2023.34,16369.93
2017-06-30,4678.36,6917.856,5551.13,1548.847,1241.61,372.377,1903.27,2021.31,16691.26
2017-07-31,4774.56,6969.252,5711.26,1641.171,1269.44,388.065,1924.35,2030.01,16902.42
2017-08-31,4789.18,6880.589,5709.11,1677.78,1321.43,386.004,1923.6,2048.21,17010.94
2017-09-29,4887.97,7310,5851.15,1671.108,1279.75,399.308,1940.87,2038.46,16876
2017-10-31,5002.03,7372.313,5940,1729.691,1271.45,415.142,1949.07,2039.64,16897.51
2017-11-30,5155.44,7584.778,6002.31,1733.161,1275.01,424.257,1944.09,2037.02,17346.02
2017-12-29,5212.76,7554.165,6098.65,1795.376,1302.8,442.436,1949.97,2046.37,17295.16
2018-01-31,5511.21,7751.588,6404.55,1945.016,1345.14,456.533,1961.66,2022.8,16785.79
2018-02-28,5308.09,7451.433,6115.48,1855.312,1318.31,443.381,1944.99,2003.63,15565.26
2018-03-30,5173.19,7547.808,6005.25,1820.817,1325.48,452.935,1933.24,2016.48,16142.71
2018-04-30,5193.04,7613.061,6142.37,1812.76,1315.39,475.762,1945.82,2001.48,16226.79
2018-05-31,5318.1,8075.179,6004.3,1748.527,1298.51,481.427,1945.28,2015.76,16811.27
2018-06-29,5350.83,8133.043,5930.95,1675.88,1252.6,487.437,1953.09,2013.28,17514.65
2018-07-31,5549.96,8274.789,6076.94,1712.696,1224.15,464.832,1974.4,2013.76,17621.03
2018-08-31,5730.8,8631.515,5959.58,1666.384,1201.15,468.688,1988.97,2026.72,18110.35
2018-09-28,5763.42,8423.908,6011.3,1657.542,1190.88,486.279,2000.04,2013.67,17667.15
2018-10-31,5369.49,7508.933,5532.85,1513.198,1214.76,456.317,1968.07,1997.76,17199.79
2018-11-30,5478.91,7628.287,5525.88,1575.558,1220.52,406.52,1951.14,2009.68,18017.18
2018-12-31,4984.22,6722.153,5257.63,1533.818,1282.49,374.328,1909.36,2046.6,16595.65
2019-01-31,5383.63,7478.385,5603.16,1668.116,1321.25,407.891,1995.67,2068.34,18517.39
2019-02-28,5556.49,7867.17,5745.99,1671.865,1313.32,426.347,2028.86,2067.14,18617.67
2019-03-29,5664.46,7702.516,5782.23,1685.896,1292.38,434.125,2047.94,2106.83,19445.86
2019-04-30,5893.81,7964.175,5944.8,1721.389,1283.53,446.452,2077.06,2107.37,19400.8
2019-05-31,5519.27,7344.78,5659.29,1596.481,1305.58,407.764,2052.37,2144.78,19525.76
2019-06-28,5908.25,7863.889,5995.03,1696.121,1409.55,425.358,2099.15,2171.71,19793.88
2019-07-31,5993.17,7909.164,5918.91,1675.381,1413.78,422.439,2110.98,2176.49,20098.76
2019-08-30,5898.23,7518.655,5765.58,1593.695,1520.38,397.058,2119.43,2232.89,20931.02
2019-09-30,6008.59,7675.092,5930.8,1624.118,1472.49,403.613,2127.15,2221,21323.97
2019-10-31,6138.73,7877.226,6143.88,1692.603,1512.99,407.51,2133.02,2227.69,21554.83
2019-11-29,6361.56,8201.49,6213.15,1690.272,1463.98,409.191,2139.99,2226.55,21222.26
2019-12-31,6553.57,8437.976,6415.07,1816.375,1517.27,436.219,2182.77,2225,21352.44
2020-01-31,6551,8167.357,6281.07,1731.705,1589.16,388.802,2183.35,2267.82,21622.6
2020-02-28,6011.73,7479.812,5713.28,1640.386,1585.69,358.444,2152.56,2308.64,20103.47
2020-03-31,5269.2,5854.712,4950.74,1387.731,1577.18,255.542,1905.89,2295.05,16347.2
2020-04-30,5944.68,6658.881,5270.57,1514.809,1686.5,257.045,1991.76,2335.85,17790.6
2020-05-29,6227.81,7092.206,5500.07,1526.446,1730.27,307.076,2079.5,2346.72,18094.9
2020-06-30,6351.67,7342.898,5687.35,1638.654,1780.96,325.483,2099.86,2361.51,18512.81
2020-07-31,6709.81,7546.137,5819.92,1785.085,1975.86,339.821,2198.3,2396.78,19219.32
2020-08-31,7192.11,7971.31,6119.12,1824.545,1967.8,358.211,2219.2,2377.43,19245.57
2020-09-30,6918.83,7705.04,5960.13,1795.28,1885.82,350.178,2196.37,2376.13,18733.04
2020-10-30,6734.84,7866.42,5722.15,1832.268,1878.81,340.78,2207.52,2365.52,18104.61
2020-11-30,7472.06,9316.39,6609.16,2001.729,1776.95,385.594,2294.85,2388.73,19774.43
2020-12-31,7759.35,10122.27,6916.46,2148.883,1898.36,409.458,2338.05,2392.02,20258.86
